Workbook
Name Slicer_Department: #N/A
Name Slicer_Recruitment_channel: #N/A
Name Slicer_Service_Group: #N/A

Sheet Dashboard
A1: Total Employees | C1: Average Training Score | E1: KPI Achieved | G1: Awards Won | I1: Average Service Length
A2: =COUNT('Formatted dataset'!A:A) -> 17415 | C2: =AVERAGE('Formatted dataset'!P:P) -> 63.17772 | E2: =AVERAGE('Formatted dataset'!L:L) -> 0.35888602 | G2: =AVERAGE('Formatted dataset'!N:N) -> 0.023370657 | I2: =AVERAGE('Formatted dataset'!J:J) -> 5.801493

Sheet Formatted dataset
A1: Employee_ID | B1: Department | C1: Region | D1: Education | E1: Gender | F1: Recruitment channel | G1: No of trainings | H1: Age | I1: Previous Year Rating | J1: Length of Service | K1: Service Group | L1: KPIs met more than 80 | M1: KPIs Met | N1: Awards Won | O1: Awards | P1: Avg training score
A2: 8724 | B2: Technology | C2: region_26 | D2: Bachelors | E2: Male | F2: Sourcing | G2: 1 | H2: 24 | I2: 3 | J2: 1 | K2: =IF(J2<=3,"New Employees",IF(J2<=7,"Junior Employees",IF(J2<=15,"Experienced Employees",IF(J2<=24,"Senior Employees","Veteran Employees")))) -> New Employees | L2: 1 | M2: =IF(L2=1,"Yes","No") -> Yes | N2: 0 | O2: =IF(N2=0,"No","Yes") -> No | P2: 77
A3: 74430 | B3: HR | C3: region_4 | D3: Bachelors | E3: Female | F3: Other | G3: 1 | H3: 31 | I3: 3 | J3: 5 | K3: =IF(J3<=3,"New Employees",IF(J3<=7,"Junior Employees",IF(J3<=15,"Experienced Employees",IF(J3<=24,"Senior Employees","Veteran Employees")))) -> Junior Employees | L3: 0 | M3: =IF(L3=1,"Yes","No") -> No | N3: 0 | O3: =IF(N3=0,"No","Yes") -> No | P3: 51
A4: 72255 | B4: Sales & Marketing | C4: region_13 | D4: Bachelors | E4: Male | F4: Other | G4: 1 | H4: 31 | I4: 1 | J4: 4 | K4: =IF(J4<=3,"New Employees",IF(J4<=7,"Junior Employees",IF(J4<=15,"Experienced Employees",IF(J4<=24,"Senior Employees","Veteran Employees")))) -> Junior Employees | L4: 0 | M4: =IF(L4=1,"Yes","No") -> No | N4: 0 | O4: =IF(N4=0,"No","Yes") -> No | P4: 47
A5: 38562 | B5: Procurement | C5: region_2 | D5: Bachelors | E5: Female | F5: Other | G5: 3 | H5: 31 | I5: 2 | J5: 9 | K5: =IF(J5<=3,"New Employees",IF(J5<=7,"Junior Employees",IF(J5<=15,"Experienced Employees",IF(J5<=24,"Senior Employees","Veteran Employees")))) -> Experienced Employees | L5: 0 | M5: =IF(L5=1,"Yes","No") -> No | N5: 0 | O5: =IF(N5=0,"No","Yes") -> No | P5: 65
A6: 64486 | B6: Finance | C6: region_29 | D6: Bachelors | E6: Male | F6: Sourcing | G6: 1 | H6: 30 | I6: 4 | J6: 7 | K6: =IF(J6<=3,"New Employees",IF(J6<=7,"Junior Employees",IF(J6<=15,"Experienced Employees",IF(J6<=24,"Senior Employees","Veteran Employees")))) -> Junior Employees | L6: 0 | M6: =IF(L6=1,"Yes","No") -> No | N6: 0 | O6: =IF(N6=0,"No","Yes") -> No | P6: 61
A7: 46232 | B7: Procurement | C7: region_7 | D7: Bachelors | E7: Male | F7: Sourcing | G7: 1 | H7: 36 | I7: 3 | J7: 2 | K7: =IF(J7<=3,"New Employees",IF(J7<=7,"Junior Employees",IF(J7<=15,"Experienced Employees",IF(J7<=24,"Senior Employees","Veteran Employees")))) -> New Employees | L7: 0 | M7: =IF(L7=1,"Yes","No") -> No | N7: 0 | O7: =IF(N7=0,"No","Yes") -> No | P7: 68
A8: 54542 | B8: Finance | C8: region_2 | D8: Bachelors | E8: Male | F8: Other | G8: 1 | H8: 33 | I8: 5 | J8: 3 | K8: =IF(J8<=3,"New Employees",IF(J8<=7,"Junior Employees",IF(J8<=15,"Experienced Employees",IF(J8<=24,"Senior Employees","Veteran Employees")))) -> New Employees | L8: 1 | M8: =IF(L8=1,"Yes","No") -> Yes | N8: 0 | O8: =IF(N8=0,"No","Yes") -> No | P8: 57
A9: 67269 | B9: Analytics | C9: region_22 | D9: Bachelors | E9: Male | F9: Sourcing | G9: 2 | H9: 36 | I9: 3 | J9: 3 | K9: =IF(J9<=3,"New Employees",IF(J9<=7,"Junior Employees",IF(J9<=15,"Experienced Employees",IF(J9<=24,"Senior Employees","Veteran Employees")))) -> New Employees | L9: 0 | M9: =IF(L9=1,"Yes","No") -> No | N9: 0 | O9: =IF(N9=0,"No","Yes") -> No | P9: 85
A10: 66174 | B10: Technology | C10: region_7 | D10: Masters & above | E10: Male | F10: Other | G10: 1 | H10: 51 | I10: 4 | J10: 11 | K10: =IF(J10<=3,"New Employees",IF(J10<=7,"Junior Employees",IF(J10<=15,"Experienced Employees",IF(J10<=24,"Senior Employees","Veteran Employees")))) -> Experienced Employees | L10: 0 | M10: =IF(L10=1,"Yes","No") -> No | N10: 0 | O10: =IF(N10=0,"No","Yes") -> No | P10: 75
A11: 76303 | B11: Technology | C11: region_22 | D11: Bachelors | E11: Male | F11: Sourcing | G11: 1 | H11: 29 | I11: 5 | J11: 2 | K11: =IF(J11<=3,"New Employees",IF(J11<=7,"Junior Employees",IF(J11<=15,"Experienced Employees",IF(J11<=24,"Senior Employees","Veteran Employees")))) -> New Employees | L11: 1 | M11: =IF(L11=1,"Yes","No") -> Yes | N11: 0 | O11: =IF(N11=0,"No","Yes") -> No | P11: 76
A12: 60245 | B12: Sales & Marketing | C12: region_16 | D12: Bachelors | E12: Male | F12: Sourcing | G12: 2 | H12: 40 | I12: 5 | J12: 12 | K12: =IF(J12<=3,"New Employees",IF(J12<=7,"Junior Employees",IF(J12<=15,"Experienced Employees",IF(J12<=24,"Senior Employees","Veteran Employees")))) -> Experienced Employees | L12: 1 | M12: =IF(L12=1,"Yes","No") -> Yes | N12: 0 | O12: =IF(N12=0,"No","Yes") -> No | P12: 50
A13: 42639 | B13: Sales & Marketing | C13: region_17 | D13: Masters & above | E13: Male | F13: Sourcing | G13: 1 | H13: 40 | I13: 3 | J13: 10 | K13: =IF(J13<=3,"New Employees",IF(J13<=7,"Junior Employees",IF(J13<=15,"Experienced Employees",IF(J13<=24,"Senior Employees","Veteran Employees")))) -> Experienced Employees | L13: 0 | M13: =IF(L13=1,"Yes","No") -> No | N13: 0 | O13: =IF(N13=0,"No","Yes") -> No | P13: 46
... A17416: 64573 | B17416: HR | C17416: region_7 | D17416: Bachelors | E17416: Female | F17416: Referred | G17416: 1 | H17416: 35 | I17416: 5 | J17416: 4 | K17416: =IF(J17416<=3,"New Employees",IF(J17416<=7,"Junior Employees",IF(J17416<=15,"Experienced Employees",IF(J17416<=24,"Senior Employees","Veteran Employees")))) -> Junior Employees | L17416: 1 | M17416: =IF(L17416=1,"Yes","No") -> Yes | N17416: 0 | O17416: =IF(N17416=0,"No","Yes") -> No | P17416: 81

Sheet Pivot Tables
A3: Department | B3: Average of Previous Year Rating | C3: Average of Avg training score | D3: Average of KPIs met more than 80 | E3: Average of Awards Won
A4: Analytics | B4: 3.4684738 | C4: 84.565115 | D4: 0.40011786 | E4: 0.025338833
A5: Finance | B5: 3.4875312 | C5: 60.326683 | D5: 0.39775561 | E5: 0.018703242
A6: HR | B6: 3.5138387 | C6: 50.386282 | D6: 0.36101083 | E6: 0.016847172
A7: Legal | B7: 3.3825301 | C7: 59.533133 | D7: 0.35542169 | E7: 0.018072289
A8: Operations | B8: 3.6313848 | C8: 60.351589 | D8: 0.4406924 | E8: 0.025255392
A9: Procurement | B9: 3.234375 | C9: 70.180357 | D9: 0.37321429 | E9: 0.025446429
A10: R&D | B10: 3.6596386 | C10: 84.451807 | D10: 0.44879518 | E10: 0.015060241
A11: Sales & Marketing | B11: 3.0961891 | C11: 50.056614 | D11: 0.27720777 | E11: 0.021986075
A12: Technology | B12: 3.1437017 | C12: 79.847658 | D12: 0.35607094 | E12: 0.026375625
A13: Grand Total | B13: 3.3186908 | C13: 63.17772 | D13: 0.35888602 | E13: 0.023370657
A16: Recruitment channel | B16: Average of KPIs met more than 80 | C16: Average of Previous Year Rating | D16: Average of Awards Won | E16: Average of Avg training score
A17: Other | B17: 0.35388245 | C17: 3.3015694 | D17: 0.023592163 | E17: 63.406503
A18: Referred | B18: 0.53312303 | C18: 3.8927445 | D18: 0.012618297 | E18: 64.507886
A19: Sourcing | B19: 0.35800789 | C19: 3.3166417 | D19: 0.023540618 | E19: 62.816846
A20: Grand Total | B20: 0.35888602 | C20: 3.3186908 | D20: 0.023370657 | E20: 63.17772
A23: Service Group | B23: Average of KPIs met more than 80 | C23: Average of Previous Year Rating | D23: Average of Avg training score
A24: Experienced Employees | B24: 0.28563284 | C24: 3.3700114 | D24: 62.484892
A25: Junior Employees | B25: 0.383474 | C25: 3.34318 | D25: 63.486115
A26: New Employees | B26: 0.3845232 | C26: 3.2516692 | D26: 63.283171
A27: Senior Employees | B27: 0.26251897 | C27: 3.3778452 | D27: 62.69651
A28: Veteran Employees | B28: 0.19672131 | C28: 3.1967213 | D28: 60.983607
A29: Grand Total | B29: 0.35888602 | C29: 3.3186908 | D29: 63.17772
A32: No of trainings | B32: Sum of Avg training score
A33: 1 | B33: 882758
A34: 2 | B34: 170889
A35: 3 | B35: 34615
A36: 4 | B36: 8587
A37: 5 | B37: 1731
A38: 6 | B38: 996
A39: 7 | B39: 382
A40: 8 | B40: 142
A41: 9 | B41: 140
A42: Grand Total | B42: 1100240

Sheet Insights analysis
A1: 1. Summary Analysis
